headword,pronunciation
açelya,a ˈ t͡ ʃ e l j a ˈ l a ɾ
açelya,a ˈ t͡ ʃ e l j a
gülsüm,ˈ y m m y g y l ˈ s y m ˈ l e ɾ
gülsüm,ˈ y m m y g y l s y m ˈ l e ɾ
hidayet,h i d a ˈ j e t
hidayet,h i d a j e t ˈ l e ɾ
veli,v e ˈ l i
veli,v e l i ˈ l e ɾ
zeynep,z e j n e p ˈ l e ɾ
zeynep,z e j ˈ n e p
abd,a b d ˈ l a ɾ
abd,ˈ a b d ˈ l a ɾ
abdomen,a p ˈ d ɔ m ɛ n
ad,a d ˈ l a ɾ
ad,ˈ a d
adale,ˤ a ḍ a l e
adda,a d ˈ d a
addan,a d ˈ d a n
adın,a ˈ d ɯ n
affetme,ˈ a f f e t m e
affetme,ˈ a f f e t m e ˈ l e ɾ
ahize,a h i z e
ahududu,l a n g t r
ahududu,ɑː h ʋ d ʋ d ʋ
aile,a i l e ˈ l e ɾ
aile,a i ˈ l e
akarsu,a c ˈ a ɾ s u
akarsu,a c ˈ a ɾ s u ˈ l a ɾ
akbaba,ˈ a c b a b a
akbaba,ˈ a c b a b a ˈ l a ɾ
akrabalar,a k ɾ a b a ˈ l a ɾ
akıl,a k ɯ l ˈ l a ɾ
akıl,a ˈ k ɯ l
akılla,a ˈ k ɯ l l a
akıllar,a k ɯ l ˈ l a ɾ
altyazı,l a n g t r
altyazı,ɑ ɫ t j ɑ ʐ ɯ
altıgen,a l ˈ t ɯ g e n
altıgen,a l ˈ t ɯ g e n ˈ l e ɾ
ambalajlama,a m b a l a ʒ l a ˈ m a
ambalajlama,a m b a l a ʒ ˈ l a m a
ambalajlamalar,a m b a l a ʒ l a m a ˈ l a ɾ
ambalajlar,a m b a l a ʒ ˈ l a ɾ
anagram,a n a g ɾ a m ˈ l a ɾ
anagram,a n a g ˈ ɾ a m
analizcik,a n a l i z ˈ d͡ ʒ i c
analizcik,a n a l i z d͡ ʒ i c ˈ l e ɾ
anayasa,a ˈ l a ɾ j a s ˈ l a ɾ
anlatma,a n l a t m a ˈ l a ɾ
anlatma,a n l a t ˈ m a
anlatma,a n ˈ l a t m a
anlatım,a n l a ˈ t ɯ m
anlatım,a n l a t ɯ m ˈ l a ɾ
anneanne,a n ˈ n e a n ˈ n e ˈ l e ɾ
anneanne,a n ˈ n e a n ˈ n e
antrenman,a n t ɾ e n ˈ m a n
antrenmanlar,a n t ɾ e n m a n ˈ l a ɾ
ara,a ˈ ɾ a
ara,a ɾ a ˈ l a ɾ
aralık,ɑ ɾ ɑ ˈ l ɯ k
aralık,ɑ ɾ ɑ l ɯ k ˈ l a ɾ
araç,a ɾ a t͡ ʃ ˈ l a ɾ
araç,a ˈ ɾ a t͡ ʃ
arka,a ɾ k a ˈ l a ɾ
arka,a ɾ ˈ k a
arkadaşları,a ɾ k a d a ʃ l a ˈ ɾ ɯ
arkadaşı,a ɾ k a d a ˈ ʃ ɯ
armutlar,α ɾ m u t ˈ ɫ α ɾ
aruz,a ˈ ɾ u z
aruzlar,a ɾ u z ˈ l a ɾ
ashap,a s ˈ h a p
ashap,a s h a p ˈ l a ɾ
askerler,a s k e ɾ ˈ ɫ e ɾ
asteroit,a s t e ɾ o ˈ i t
asteroit,a s t e ɾ o i t ˈ l e ɾ
astrolog,a s t ɾ o ˈ l o g
astrolog,a s t ɾ o l o g ˈ l a ɾ
astsubaylar,a s t s u b a j ˈ l a ɾ
ata,a t a ˈ l a ɾ
ata,a ˈ t a
atasözü,a ˈ t a s ø z l e ˈ ɾ i
atasözü,a ˈ t a s ø ˈ z y
ayva,a j ˈ v a
ayva,a j v a ˈ ɫ a ɾ
ayyuk,a j ˈ j u k
ayyuk,a j j u k ˈ l a ɾ
ayça,a j ˈ t͡ ʃ a
ayça,a j t͡ ʃ a ˈ l a ɾ
açelya,a ˈ t͡ ʃ e l j a ˈ l a ɾ
açelya,a ˈ t͡ ʃ e l j a
açıklaşma,a t͡ ʃ ɯ c l a ʃ ˈ m a
açıklaşma,a t͡ ʃ ɯ c l a ʃ m a ˈ l a ɾ
açıklaşmama,a t͡ ʃ ɯ c l a ʃ ˈ m a m a ˈ l a ɾ
açıklaşmama,a t͡ ʃ ɯ c l a ʃ ˈ m a m a
açıklaştırma,a t͡ ʃ ɯ c l a ʃ t ɯ ɾ m a ˈ l a ɾ
açıklaştırma,a t͡ ʃ ɯ c l a ʃ t ɯ ɾ ˈ m a
açıklaştırmama,a t͡ ʃ ɯ c l a ʃ ˈ t ɯ ɾ m a m a
açıklaştırmama,a t͡ ʃ ɯ c l a ʃ ˈ t ɯ ɾ m a m a ˈ l a ɾ
bab,ˈ b a b
bab,b a b ˈ l a ɾ
baharlar,b a h a ɾ ˈ l a ɾ
bakla,b a k ˈ l a
baklalar,b a k l a ˈ l a ɾ
baklavalar,b a k l a v a ˈ l a ɾ
balık,b ɑ l ɯ k ˈ l a ɾ
balık,b ɑ ˈ l ɯ k
bankacılık,b a n c a d͡ ʒ ɯ ˈ l ɯ c
bankacılık,b a n c a d͡ ʒ ɯ l ɯ c ˈ l a ɾ
basar,b ɑ s ˈ m ɑ ɾ
bağ,b a ˈ l a ɾ
bağ,ˈ b a
başlama,b a ʃ l a m a ˈ l a ɾ
başlama,b a ʃ l a ˈ m a
başlık,b a ʃ ˈ l ɯ c
besmele,b e s m e ˈ l e
besmele,b e s m e l e ˈ l e ɾ
beyin,b e ˈ j i n
beyin,b e j i n ˈ l e ɾ
bildiri,b i l d i ˈ ɾ i
bildiri,b i l d i ɾ i ˈ l e ɾ
bilenle,b i ˈ l e n l e
bilenler,b i l e n ˈ l e ɾ
bileşik,b i l e ˈ ʃ i c
bileşik,b i l e ʃ i c ˈ l e ɾ
bileşim,b i l e ʃ i m ˈ l e ɾ
bileşim,b i l e ˈ ʃ i m
bilgi,b i l ˈ g i
bilgi,b i l g i ˈ l e ɾ
bilgisayar,b i l g i s a ˈ j a ɾ
bilgisayar,b i l g i s a j a ɾ ˈ l a ɾ
bilgiyle,b i l ˈ g i j l e
bilgiyse,b i l ˈ g i j s e
bilim,b i l i m ˈ l e ɾ
bilim,b i ˈ l i m
bilimle,b i ˈ l i m l e
bilimler,b i l i m ˈ l e ɾ
bilmeyenle,ˈ b i l m e y e n ˈ l e
birliktelik,b i ɾ l i c t e l i c ˈ l e ɾ
birliktelik,b i ɾ l i c t e ˈ l i c
birliktelikse,b i ɾ l i c t e ˈ l i c s e
bit,ˈ b i t
bitler,b i t ˈ ɫ e ɾ
bluz,ˈ b l u z
bluz,b l u z ˈ l a ɾ
bluza,b l u ˈ z a
bluzsuz,b l u z s u z ˈ l a ɾ
bluzsuz,b l u z ˈ s u z
bugün,b u g y n
bukalemun,b u k a ɫ e ˈ m u n
bunama,b u n a m a ˈ l a ɾ
bunama,b u n a ˈ m a
buzağılar,b u z a ɯ ˈ l a ɾ
can,ˈ d͡ ʒ a n
canlar,d͡ ʒ a n ˈ l a ɾ
car,ˈ d͡ ʒ a ɾ
car,d͡ ʒ a ɾ ˈ l a ɾ
cariyeler,d͡ ʒ a ɾ i j e ˈ l e ɾ
cemaziyelevvel,d͡ ʒ e m a ˈ z i y e l e v v e l ˈ l e ɾ
cemaziyelevvel,d͡ ʒ e m a ˈ z i y e l e v ˈ v e l
cepler,d͡ ʒ e p ˈ ɫ e ɾ
charco,ˈ ʈ ʃ a ɾ k o
ciklet,d ʒ i c ˈ l ɛ t
ciklet,l a n g t r
concon,d͡ ʒ o n ˈ d͡ ʒ o n
concon,d͡ ʒ o n d͡ ʒ o n ˈ l a ɾ
conconlar,d͡ ʒ o n d͡ ʒ o n ˈ l a ɾ
conconu,d͡ ʒ o n d͡ ʒ o ˈ n u
cuma,d͡ ʒ u m a ˈ l a ɾ
cuma,d͡ ʒ u ˈ m a
cumartesi,d͡ ʒ u ˈ m a ɾ t e s i ˈ l e ɾ
cumartesi,d͡ ʒ u ˈ m a ɾ t e s i
cumhuriyet,d ʒ ʊ m h uː ɾ ɪ ˈ j ɛ t
cumhuriyet,d ʒ ʊ m h uː ɾ ɪ j ɛ t ˈ l e ɾ
dana,d a n a ˈ l a ɾ
dana,d a ˈ n a
darbımesel,ˈ d a ɾ b ɯ m e s e l ˈ l e ɾ
darbımesel,ˈ d a ɾ b ɯ m e ˈ s e l
delil,d e ˈ l i l
delil,d e l i l ˈ l e ɾ
delilcik,d e l i l ˈ d͡ ʒ i c
delüzyon,d ɪ ˈ l uː ʒ ə n
demir,d e ˈ m i ɾ
demiri,d e m i ˈ ɾ i
demiri,d e m i ɾ i ˈ l e ɾ
ders,ˈ d e ɾ s
ders,d e ɾ s ˈ l e ɾ
derslik,d e ɾ s ˈ l i c
derslik,d e ɾ s l i c ˈ l e ɾ
destekleyici,d ɛ s t e k l e j i ˈ d ʒ i
destekleyici,l a n g t r
devlet,d e v ˈ l e t
devlet,d e v l e t ˈ l e ɾ
değişim,d e i ʃ i m ˈ l e ɾ
değişim,d e i ˈ ʃ i m
değişmez,d e i ʃ ˈ m e z
değişmez,d e i ʃ m e z ˈ l e ɾ
dilsiz,d i l s i z ˈ l e ɾ
dilsiz,d i l T ü r k ç e
dilsiz,d i l ˈ s i z
dilsizlik,d i l T ü r k ç e
dilsizlik,d i l s i z ˈ l i c
din,ˈ d i n
din,d i n ˈ l e ɾ
dinsizlik,t r
dinsizlik,d i n s i z ɫ i k
disleksi,d i s ɫ e k s i
dudak,d u ˈ d a c
dudak,d u d a c ˈ l a ɾ
dudaklar,d u d a c ˈ l a ɾ
dudaklılık,d u d a c l ɯ ˈ l ɯ c
dudaksızlık,d u d a c s ɯ z ˈ l ɯ c
durumla,d u ˈ ɾ u m l a
durumlar,d u ɾ u m ˈ l a ɾ
dörtnal,d ø ɾ t ˈ n a l
dörtnal,d ø ɾ t n a l ˈ l a ɾ
dörtnala,ˈ d ø ɾ t n a ˈ l a
dünya,d y n ˈ j a
dünya,d y n j a ˈ l a ɾ
düzeltmeler,d y z e ɫ t m e ˈ ɫ e ɾ
e-posta,ˈ e p o s t a
e-postalar,e p o s t a ˈ l a ɾ
egemenlikler,e g e m e n l i c ˈ l e ɾ
ejderha,ɛ ʒ d ə ɾ h ɑː
ejderha,l a n g t r
eklem,e c ˈ l e m
eklem,e c l e m ˈ l e ɾ
eklemler,e c l e m ˈ l e ɾ
ekvator,e c v a t o ɾ ˈ l a ɾ
ekvator,e c v a ˈ t o ɾ
elhamdülillah,e l ˈ h a m d y l i l l a h ˈ l a ɾ
elhamdülillah,e l ˈ h a m d y l i l l a h
emekler,e m e c ˈ l e ɾ
endüstriler,e n d y s t ɾ i ˈ l e ɾ
erdem,e ɾ d e m ˈ l e ɾ
erdem,e ɾ ˈ d e m
erkekler,e ɾ k e k ˈ ɫ e ɾ
eserler,e s e ɾ ˈ l e ɾ
etimoloji,e t i m o l o ʒ i ˈ l e ɾ
evin,e ˈ v i n
evirmece,e v i ɾ m e d͡ ʒ e ˈ l e ɾ
evirmeceler,e v i ɾ m e d͡ ʒ e ˈ l e ɾ
ezik,e z i c ˈ l e ɾ
ezik,e ˈ z i c
ezikler,e z i c ˈ l e ɾ
eşya,e ʃ ˈ j a
eşyalar,e ʃ j a ˈ l a ɾ
fani,f a n i
fark,ˈ f a ɾ c
fark,f a ɾ c ˈ l a ɾ
fatura,f a t u ˈ ɾ a
fatura,f a t u ɾ a ˈ l a ɾ
faturalar,f a t u ɾ a ˈ l a ɾ
fazilet,f a z i l e t ˈ l e ɾ
fazilet,f a z i ˈ l e t
felek,f e ˈ l e c
felek,f e l e c ˈ l e ɾ
felsefe,f e l s e ˈ f e
felsefe,f e l s e f e ˈ l e ɾ
felsefeci,f e l s e f e d͡ ʒ i ˈ l e ɾ
felsefeci,f e l s e f e ˈ d͡ ʒ i
fethullah,f e t h u l l a h ˈ l a ɾ
fethullah,f e t h u l ˈ l a h
finansman,f i n a n s m a n ˈ l a ɾ
finansman,f i n a n s ˈ m a n
frambuaz,l a n g t r
frambuaz,f ɾ ɑ m b ʊː ɑ ʐ
futbolcu,f u t b o ɫ d ʒ u
fâcir,f a ˈ d͡ ʒ i r
fâcire,f a d͡ ʒ i ˈ r e
fıskiye,f ɯ s c i ˈ j e
fıskiye,f ɯ s c i j e ˈ l e ɾ
fıskiyeli,f ɯ s c i j e ˈ l i
fıskiyeli,f ɯ s c i j e l i ˈ l e ɾ
fıskiyesiz,f ɯ s c i j e s i z ˈ l e ɾ
fıskiyesiz,f ɯ s c i j e ˈ s i z
galeri,g a l e ˈ ɾ i
gelgit,g e l ˈ g i t
gelgitler,g e l g i t ˈ l e ɾ
gelin,ˈ g e l i n
gelin,g e ˈ l i n
gelin,g e l i n ˈ l e ɾ
gelme,g e l ˈ m e
gelme,g e l m e ˈ l e ɾ
gemi,g e ˈ m i
gemi,g e m i ˈ l e ɾ
gerçekleşmeler,g e ɾ t͡ ʃ e k l e ʃ m e ˈ l e ɾ
gerçekleştirmeler,g e ɾ t͡ ʃ e k l e ʃ t i ɾ m e ˈ l e ɾ
gezegenle,g e z e ˈ g e n l e
gitme,g i t m e ˈ l e ɾ
gitme,ˈ g i t m e
gitme,g i t ˈ m e
grafiği,g ɾ a f i ˈ i
gri,ˈ g ɾ i
gri,g ɾ i ˈ l e ɾ
grup,ˈ g ɾ u p
grup,g ɾ u p ˈ l a ɾ
guval,ɡ ʊ v ɑ ɫ
gökkuşağı,ɟ œ c k u ʃ ʌ ɣ ɯ
göl,ˈ g ø l
göl,g ø l ˈ l e ɾ
göt,g ø t ˈ l e ɾ
göt,ˈ g ø t
gözeler,g ø z e ˈ l e ɾ
gözlük,g ø z l y c ˈ l e ɾ
gözlük,g ø z ˈ l y c
güdüm,g y ˈ d y m
güdüm,g y d y m ˈ l e ɾ
güllaç,ɟ y l ˈ l a t͡ ʃ
güllaç,ɟ y l l a t͡ ʃ ˈ l a ɾ
gün,ˈ g y n
gün,g y n ˈ l e ɾ
gündelik,g y n d e l i c ˈ l e ɾ
gündelik,g y n d e ˈ l i c
günden,g y n ˈ d e n
güneş,g y ˈ n e ʃ
güneş,g y n e ʃ ˈ l e ɾ
günler,g y n ˈ ɫ ɛ ɾ
günlük,g y n l y c ˈ l e ɾ
günlük,g y n ˈ l y c
günü,g y ˈ n y
gürgen,g y ɾ ˈ g e n
gürgen,g y ɾ g e n ˈ l e ɾ
haberler,h a b ɛ ɾ ˈ ɫ ɛ ɾ
hadisçi,h a d i s ç i ˈ l e ɾ
hadisçi,h a d i s ˈ ç i
hal,h a ɫ ˈ l e ɾ
hal,ˈ h a ɫ
hala,h a l a ˈ l a ɾ
hala,h a ˈ l a
halalar,h a l a ˈ l a ɾ
hamamlar,h a m a m ˈ ɫ a ɾ
hande,h a n ˈ d e
hande,h a n d e ˈ l e ɾ
hasar,h a s a ɾ ˈ l a ɾ
hasar,h a ˈ s a ɾ
hasarla,h a ˈ s a ɾ l a
hasarlar,h a s a ɾ ˈ l a ɾ
hat,h a t ˈ l a ɾ
hat,ˈ h a t
hayvan,h a j ˈ v a n
hayvan,h a j v a n ˈ l a ɾ
hayır,h a y ɯ ɾ ˈ l a ɾ
hayır,h a ˈ y ɯ ɾ
hipotalamus,l a n g t r
hipotalamus,h i p ɔ t ɑ ɫ ɑ m u s
histeri,h i s t e ˈ ɾ i
hortum,h o ɾ ˈ t u m
hâkimiyet,h a k i m i ˈ j e t
hâkimiyetler,h a k i m i j e t ˈ l e ɾ
hâl,h a ɫ ˈ l e ɾ
hâl,ˈ h a ɫ
hâli,h a ˈ ɫ i
hâlleri,h a ɫ ɫ e ˈ ɾ i
hüsnüzan,ˈ h y s n y z a n ˈ l a ɾ
hüsnüzan,ˈ h y s n y z a n
idmanlar,i d m a n ˈ l a ɾ
iffetler,i f f e t ˈ ɫ e ɾ
ihsan,i h s a n ˈ l a ɾ
ihsan,i h ˈ s a n
ihtimaliyet,i h t i m a l i j e t ˈ l e ɾ
ihtimaliyet,i h t i m a l i ˈ j e t
ihtiyaç,i h t i ˈ j a d͡ ʒ
ihtiyaç,i h t i j a d͡ ʒ ˈ l a ɾ
ihtişam,i h t i ʃ a m ˈ l a ɾ
ihtişam,i h t i ˈ ʃ a m
iki,i c i ˈ l e ɾ
iki,i ˈ c i
iktibas,i k t i ˈ b a s
iktibas,i k t i b a s ˈ l a ɾ
iktibasçı,i k t i ˈ b a s
iktibasçı,i k t i b a s ˈ l a ɾ
ileti,i l e t i ˈ l e ɾ
ileti,i l e ˈ t i
ilimle,i ˈ l i m l e
ilkbaharlar,i l c b a h a ɾ ˈ l a ɾ
ilkyazlar,i l c j a z ˈ l a ɾ
imece,i m e ˈ d͡ ʒ e
imece,i m e d͡ ʒ e ˈ l e ɾ
indirme,i n d i ɾ ˈ m e
indirme,l a n g e n
indirme,i n d i ɾ m e ˈ l e ɾ
insan,i n ˈ s a n
is,i s ˈ l e ɾ
is,ˈ i s
isim,i s i m ˈ l e ɾ
isim,i ˈ s i m
isimde,i s i m ˈ d e
isimden,i s i m ˈ d e n
isimleri,i s i m l e r ˈ ɾ i
isme,i s ˈ m e
ismi,i s ˈ m i
ismin,i s ˈ m i n
iste,i s ˈ t e
istemli,i s t e m ˈ l i
istikrar,i s t i c ˈ ɾ a r
istikrar,i s t i c ɾ a r ˈ l a ɾ
istikrarlı,i s t i c ɾ a r l ɯ ˈ l a ɾ
istikrarlı,i s t i c ɾ a r ˈ l ɯ
istikrarsız,i s t i c ɾ a r ˈ s ɯ z
istikrarsız,i s t i c ɾ a r s ɯ z ˈ l a ɾ
isyancılar,i s j a n d͡ ʒ ɯ ˈ l a ɾ
isyancılıklar,i s j a n d͡ ʒ ɯ l ɯ c ˈ l a ɾ
izlence,i z l e n ˈ d͡ ʒ e
izlence,i z l e n d͡ ʒ e ˈ l e ɾ
işler,i ʃ ˈ l e ɾ
kadayıflar,k a d a j ɯ f ˈ l a ɾ
kahverengi,k a h ˈ v e ɾ e n k l e ˈ ɾ i
kahverengi,k a h ˈ v e ɾ e n g i
kaide,q a i ˈ d e
kaide,q a i d e ˈ l e ɾ
kale,c a ˈ l e
kale,c a l e ˈ l e ɾ
kanara,k a n a ɾ a ˈ l a ɾ
kanara,k a ˈ n a ɾ a
kapsam,k a p s a m ˈ l a ɾ
kapsam,k a p ˈ s a m
kara,k a ˈ ɾ a
kara,k ɑ ɾ ɑ ˈ l ɑ ɾ
kara,k ɑ ˈ ɾ ɑ
karamel,k ɑ ɾ ɑ m e l
karamel,l a n g t r
karamela,l a n g t r
karamela,k ɑ ɾ ɑ m ɛ l a
karar,k a ˈ ɾ a ɾ
karar,k a ɾ a ɾ ˈ l a ɾ
kararlar,k a ɾ a ɾ ˈ l a ɾ
karton,c a ɾ ˈ t o n
karton,c a ɾ t o n ˈ l a ɾ
kaynak,c a j n a c ˈ l a ɾ
kaynak,c a j n a c
kaynana,k a j n a ˈ n a
kaynana,k a j n a n a ˈ l a ɾ
kaynata,k a j n a t a ˈ l a ɾ
kaynata,k a j n a ˈ t a
kayınpeder,k a j ˈ ɯ n p e ˈ d e ɾ
kayınpeder,k a j ˈ ɯ n p e d e ɾ ˈ l e ɾ
kayınvalide,k a j ˈ ɯ n v a l i ˈ d e
kayınvalide,k a j ˈ ɯ n v a l i d e ˈ l e ɾ
kaşağı,c a ʃ a ˈ ɯ
kaşağı,c a ʃ a ɯ ˈ l a ɾ
kaşe,k a ʃ e ˈ l e ɾ
kaşe,k a ˈ ʃ e
kediler,k e d i ˈ l e ɾ
kelime,c e l i m e ˈ l e ɾ
kelime,c e l i ˈ m e
kelle,c e l l e ˈ l e ɾ
kelle,c e l ˈ l e
kelle,ˈ c e l l e
kemik,k e m i k
kere,k e ˈ ɾ e
kerevet,ˈ k ɛ r ɛ v ɛ t
keser,c e ˈ s e ɾ
keser,c e s e ɾ ˈ l e ɾ
kibutzlar,ˈ k i b u t z ˈ l a ɾ
kimya,c i m j a ˈ l a ɾ
kimya,c i m ˈ j a
kip,ˈ k i p
kip,d i l T ü r k ç e
kip,k i p ˈ l e ɾ
kitap,k i ˈ t a p
kitap,k i t a p ˈ l a ɾ
kişi,k i ˈ ʃ i
kişi,k i ʃ i ˈ l e ɾ
klinik,k l i ˈ n i c
klinikler,k l i n i c ˈ l e ɾ
kod,ˈ k o d
kod,k o d ˈ l a ɾ
koda,k o ˈ d a
kodu,k o ˈ d u
kokoş,l a n g t r
kokoş,c o ˈ c o ʃ
kokoş,c o c o ʃ ˈ l a ɾ
kombinasyonla,k o m b i n a s ˈ j o n l a
kombinasyonlar,k o m b i n a s j o n ˈ l a ɾ
kombinasyonu,k o m b i n a s j o ˈ n u
konferanslar,k o n f e ɾ a n s ˈ ɫ ɛ ɾ
kongreler,k o n g ɾ ɛ ˈ ɫ ɛ ɾ
koza,k o z a ˈ l a ɾ
koza,k o ˈ z a
kubbe,k u b b e ˈ l e ɾ
kubbe,k u b ˈ b e
kurma,c u ɾ m a ˈ l a ɾ
kurma,ˈ c u ɾ m a
kurma,c u ɾ ˈ m a
kuruş,k u ɾ u ʃ ˈ l a ɾ
kuruş,k u ˈ ɾ u ʃ
kuvvetler,k u v v e t ˈ ɫ e ɾ
kuş,ˈ k u ʃ
kuşak,k u ʃ a c ˈ l a ɾ
kuşak,k u ˈ ʃ a c
kuşağı,k u ʃ a ˈ ɯ
kâse,k j a ˈ s e
kâse,k j a s e ˈ l e ɾ
köprü,k ø p r y ˈ l e ɾ
köprü,k ø p ˈ r y
köy,ˈ k ø j
küçültme,k y t͡ ʃ y l t ˈ m e
küçültme,k y t͡ ʃ y l t m e ˈ l e ɾ
küçültmeler,k y t͡ ʃ y l t m e ˈ l e ɾ
kıraat,k
kıraatlar,k ɯ ɾ a ˈ a t ˈ l a ɾ
kısayol,k ɯ ˈ s a j o l
kısayol,k ɯ ˈ s a j o l ˈ l a ɾ
kız,ˈ k ɯ z
laf,ˈ ɫ a f
lahana,l a h a n a ˈ l a ɾ
lahana,l a ˈ h a n a
lahmacuncu,l a n g t r
lahmacuncu,l a h m ɑː d ʒ ʋ n d ʒ ʋ
lambada,l a m b ɑ d ɑ
lambada,l a n g t r
lastik,ɫ a s ˈ t i k
lastik,ɫ a s t i k ˈ l e ɾ
lağım,l a n g t r
lağım,l a ɣ ɯ m
lezbiyen,t r
lezbiyen,l ɛ ʐ b i j ɛ n
lira,ˈ l i ɾ a ˈ l a ɾ
lira,ˈ l i ɾ a
lisan,l i ˈ s a n
lisan,l i s a n ˈ l a ɾ
mabat,m a ˈ b a t
mabat,m a b a t ˈ l a ɾ
mafsallar,m a f s a l ˈ l a ɾ
manti,m a n t i ˈ l e ɾ
manti,m a n ˈ t i
mantı,m a n t ɯ ˈ l a ɾ
mantı,m a n ˈ t ɯ
masaj,m a s a ʒ ˈ l a ɾ
masaj,m a ˈ s a ʒ
maske,m a s ˈ c e
maskeler,m a s c e ˈ l e ɾ
matematik,m a t e m a ˈ t i k
matematik,m a t e m a t i k ˈ l e ɾ
mavi,m a v i ˈ l e ɾ
mavi,m a ˈ v i
mayo,m a j o ˈ l a ɾ
mayo,m a ˈ j o
mayıs,m a j ɯ s ˈ l a ɾ
mayıs,m a ˈ j ɯ s
mağara,ˈ m a a ɾ a
mağara,ˈ m a a ɾ a ˈ l a ɾ
meddücezir,m e d d y d͡ ʒ e ˈ z i r
medeniyetler,m e d e n i j e t ˈ ɫ e ɾ
memnuniyet,m e m n u n i ˈ j e t
memnuniyet,m e m n u n i j e t ˈ l e ɾ
memnuniyetse,m e m n u n i ˈ j e t s e
menteşe,m e n t e ˈ ʃ e
menteşe,d i l A l m a n c a
menteşe,m e n t e ʃ e ˈ l e ɾ
menteşeler,m e n t e ʃ e ˈ l e ɾ
menziller,m e n z i l ˈ l e ɾ
menü,m e ˈ n y
menüler,m e n y ˈ l e ɾ
merhamet,m e ɾ h a m e t ˈ l e ɾ
merhamet,m e ɾ h a ˈ m e t
merhametler,m e ɾ h a m e t ˈ l e ɾ
merkez,m e ɾ ˈ k e z
merkez,m e ɾ k e z ˈ l e ɾ
merkezse,m e ɾ ˈ k e z s e
merkezîleşme,m e ɾ k e z i l e ʃ m e
merkezîleşme,m e ɾ k e z i l e ʃ m e ˈ l e ɾ
mesaj,m e s a ʒ ˈ l a ɾ
mesaj,m e ˈ s a ʒ
mesul,m e s ʔ u ɫ ˈ l e ɾ
mesul,m e s ˈ ʔ u ɫ
mesul,d i l T ü r k ç e
metalde,m e t a ł ˈ d e
metalden,m e t a ł ˈ d e n
metale,m e t a ˈ l e
metalin,m e t a ˈ ł i n
metaller,m e t a ł ˈ l e ɾ
metâli,m e t a ˈ l i
mevcudiyet,m e v d͡ ʒ u d i j e t ˈ l e ɾ
mevcudiyet,m e v d͡ ʒ u d i ˈ j e t
mezbaha,m e z b a ˈ h a
mezbaha,m e z b a h a ˈ l a ɾ
mimarlıklar,m i m a ɾ l ɯ k ˈ l a ɾ
morfoloji,m o ɾ f o l o ˈ ʒ i
morfolojiler,m o ɾ f o l o ʒ i ˈ l e ɾ
muhaddis,m u h a d d i s ˈ l e ɾ
muhaddis,m u h a d ˈ d i s
muharrem,m u h a ɾ ˈ ɾ e m
mukaddesler,m u k a d d e s ˈ ɫ e ɾ
müellif,m y e l ˈ l i f
müellifler,m y e l l i f ˈ l e ɾ
mühimmat,m y h i m ˈ m a t
mühimmat,m y h i m m a t ˈ l a ɾ
mühür,m y h y ɾ ˈ l e ɾ
mühür,m y ˈ h y ɾ
müneccim,m y n e d͡ ʒ d͡ ʒ i m ˈ l e ɾ
müneccim,m y n e d͡ ʒ ˈ d͡ ʒ i m
müneccimlik,m y n e d͡ ʒ d͡ ʒ i m l i c ˈ l e ɾ
müneccimlik,m y n e d͡ ʒ d͡ ʒ i m ˈ l i c
mısır,m ɯ ˈ s ɯ ɾ
mısır,m ɯ s ɯ ɾ ˈ l a ɾ
naip,n a ˈ i p
naip,n a i p ˈ l e ɾ
nasır,n a s ɯ ɾ ˈ l a ɾ
nasır,n a ˈ s ɯ ɾ
nebiler,n e b i ˈ ɫ e ɾ
oda,o ˈ d a
odalar,o d a ˈ l a ɾ
olay,o ˈ l a j
olay,o l a j ˈ l a ɾ
ortaklaşa,o ɾ t a k l a ˈ ʃ a
oseonografya,o s e n o g ɾ a j a ˈ l a ɾ
oseonografya,o s e n o ˈ g ɾ a j a
otolar,o t o ˈ l a ɾ
otomobil,o t o m o ˈ b i ɫ
otomobil,o t o m o b i ɫ ˈ ɫ e ɾ
oturumlar,o t u ɾ u m ˈ ɫ ɛ ɾ
oğlan,o l a n ˈ l a ɾ
oğlan,o ˈ l a n
oğul,o u l ˈ l a ɾ
oğul,o ˈ u l
oşinografi,o ʃ i n o g ɾ a f i ˈ l e ɾ
oşinografi,o ʃ i n o g ɾ a ˈ f i
oşionografi,o s e n o g ɾ a j a ˈ l a ɾ
oşionografi,o s e n o ˈ g ɾ a j a
paket,p a ˈ c e t
paketlemeler,p a c e t l e m e ˈ l e ɾ
paradigma,d i l İ n g i l i z c e
paradigma,p a ɾ a d i ˈ g m a ˈ l a ɾ
paradigma,p a ɾ a d i ˈ g m a
patlıcan,p a t l ɯ d͡ ʒ a n ˈ l a ɾ
patlıcan,p a t l ɯ ˈ d͡ ʒ a n
patlıcanlar,p a t l ɯ d͡ ʒ a n ˈ l a ɾ
payanda,p a j a n d a ˈ l a ɾ
payanda,p a j a n ˈ d a
pazar,p a ˈ z a ɾ
pazar,p a z a ɾ ˈ l a ɾ
pazartesi,p a ˈ z a ɾ t e s i
pazartesi,p a ˈ z a ɾ t e s i ˈ l e ɾ
performans,p e ɾ f o ɾ ˈ m a n s
perhiz,p e ɾ ˈ h i z
perhiz,p e ɾ h i z ˈ l e ɾ
permütasyonlar,p e ɾ m y t a s j o n ˈ l a ɾ
permütasyonu,p e ɾ m y t a s j o ˈ n u
planetler,p ł a n e t ˈ l e ɾ
polen,p o ł e n
ponton,p o n ˈ t o n
ponton,p o n t o n ˈ l a ɾ
postlar,p o s t ˈ l a ɾ
profiterol,p ɾ o f i t e ˈ ɾ o ɫ
profiteroller,p ɾ o f i t e ɾ o ɫ ˈ ɫ e ɾ
psikoz,p s i ˈ k o z
psikoz,p s i k o z ˈ l a ɾ
psikozsa,p s i ˈ k o z s a
pınarlar,p ɯ n a ɾ ˈ l a ɾ
radyasyon,r a d j a s ˈ j o n
radyasyon,r a d j a s j o n ˈ l a ɾ
rebiyülahir,r e b ˈ i j y l a ˈ h i r
rebiyülahir,r e b ˈ i j y l a h i r ˈ l e ɾ
rebiyülevvel,r e b ˈ i j y l e v v e l ˈ l e ɾ
rebiyülevvel,r e b ˈ i j y l e v ˈ v e l
recep,ɾ e ˈ d͡ ʒ e p
recep,ɾ e d͡ ʒ e p ˈ l e ɾ
reddeden,ˈ ɾ e d d e d e n
reddeden,ˈ ɾ e d d e d e n ˈ l e ɾ
robot,ɾ o ˈ b o t
robot,ɾ o b o t ˈ l a ɾ
run,ɾ u n ˈ l a ɾ
run,ˈ ɾ u n
röntgenyum,ʀ œ n t ˈ g eː n j ʊ m
safer,s a f e r
safer,s a f e r ˈ l e ɾ
saha,s a h a ˈ l a ɾ
saha,s a ˈ h a
sahabe,s a h a b e ˈ l e ɾ
sahabe,s a h a ˈ b e
sakatlar,s a k a t ˈ l a ɾ
saksafon,s ɑ k s ɑ f ɔ n
salaklar,s a l a c ˈ l a ɾ
salı,s a l ɯ ˈ l a ɾ
salı,s a ˈ l ɯ
sanayiler,s a n a j i ˈ l e ɾ
sap,s a p ˈ l a ɾ
sap,ˈ s a p
saplar,s a p ˈ l a ɾ
sapık,s a ˈ p ɯ c
sapık,s a p ɯ k ˈ l a ɾ
sari,s a ˈ ɾ i
sari,ˈ s a r i
sari,s a ɾ i ˈ l e ɾ
sarı,s a ˈ ɾ ɯ
sarı,s a ɾ ɯ ˈ l a ɾ
satır,s a t ɯ ɾ ˈ l a ɾ
satır,s a ˈ t ɯ ɾ
sağlık,s a ɰ ˈ l ɯ c
sebze,s e b z e ˈ l e ɾ
sebze,s e b ˈ z e
sebze,d i l T ü r k ç e
seks,ˈ s e c s
sekse,s e k ˈ s e
seksi,s e k ˈ s i
seksin,s e k ˈ s i n
seksler,s e k s ˈ ɫ e ɾ
sekste,s e k s ˈ t e
seksten,s e k s ˈ t e n
sembol,s e m ˈ b ɔ ɫ
sembol,s e m b ɔ ɫ ˈ l e ɾ
sertifika,s e ɾ t i f i c a ˈ l a ɾ
sertifika,s e ɾ t i f i ˈ c a
sertifikasyon,s e ɾ t i f i c a s ˈ j o n
sertifikasyon,s e ɾ t i f i c a s j o n ˈ l a ɾ
sezgin,s e z g i n ˈ l e ɾ
sezgin,s e z ˈ g i n
silahlar,s i ł a h ˈ l a ɾ
silgi,s i l ɟ i ˈ l e ɾ
silgi,s i l ˈ ɟ i
sinestezi,s i n e s t e z i ˈ l e ɾ
sinestezi,s i n e s t e ˈ z i
sis,ˈ s i s
sis,s i s ˈ l e ɾ
siyer,s i ˈ j e ɾ
siyerler,s i j e ɾ ˈ ɫ e ɾ
siğil,s i ˈ i l
siğil,s i i l ˈ l e ɾ
sobalar,s o b a ˈ l a ɾ
sofa,s o ˈ f a
sofa,s o f a ˈ l a ɾ
solucan,s o l u d͡ ʒ a n ˈ l a ɾ
solucanlar,s o l u d͡ ʒ a n ˈ l a ɾ
soluklar,s o ɫ u k ˈ ɫ ɛ ɾ
soyadı,ˈ s o j a d ɯ l a ˈ ɾ ɯ
soyadı,ˈ s o j a d ɯ
soykırım,t r
soykırım,s o j k ɯ r ɯ m
subaylar,s u b a j ˈ l a ɾ
suizan,s u i z a n ˈ l a ɾ
suizan,s u i ˈ z a n
söz,ˈ s ø z
sözcük,s ø z ˈ d͡ ʒ y c
sözcükse,s ø z ˈ d͡ ʒ y c s e
sözse,ˈ s ø z s e
sözü,s ø ˈ z y
sükût,d e ˈ v a m ɯ s y k j u t
süs,ˈ s y s
süs,s y s ˈ l e ɾ
sıfat,s ɯ ˈ f a t
sıhhat,s ɯ h ˈ h a t
sıkıntı,s ɯ c ɾ ɯ n ˈ t ɯ
sıkıntı,s ɯ c ɾ ɯ n t ɯ ˈ l a ɾ
sınıflar,s ɯ n ɯ f ˈ l a ɾ
sıra,s ɯ ɾ a ˈ l a ɾ
sıra,s ɯ ˈ ɾ a
sırası,s ɯ ɾ a ˈ s ɯ
sığır,s ɯ ˈ d͡ ʒ ɯ ɾ ˈ l a ɾ
sığır,s ɯ d͡ ʒ ɯ ɾ ˈ l a ɾ
taba,t a ˈ b a
taba,t a b a ˈ l a ɾ
tabut,t r
tabut,t a b u t
tacir,t a d͡ ʒ i ɾ
taciz,t aː d ʒ i z
tacizler,t aː d ʒ i z ˈ ɫ ɛ ɾ
takas,t a k a s ˈ l a ɾ
takas,t a ˈ k a s
talimat,t a l i ˈ m a t
talimat,t a l i m a t ˈ l a ɾ
tamlayan,t a m l a j a n ˈ l a ɾ
tamlayan,t a m l a ˈ j a n
tanım,ˈ t a n ɯ m
tanım,t a ˈ n ɯ m
tanım,t a n ɯ m ˈ l a ɾ
tarhana,t a ɾ h a ˈ n a
tarih,d i l T ü r k ç e
tarih,t a ˈ ɾ i h
tarih,t a ɾ i h ˈ l e ɾ
tarihler,t a ɾ i h ˈ l e ɾ
tavuk,t ɑ β u k
tekdillilik,ˈ t͡ ʃ o c d i l l i ˈ l i c
tekdillilik,ˈ t͡ ʃ o c d i l l i l i c ˈ l e ɾ
tekdillilik,d i l T ü r k ç e
teknik,t e c ˈ n i c
teknik,t e c n i c ˈ l e ɾ
teknikle,t e c n ˈ i c l e
teknikler,t e c n i c ˈ l e ɾ
teodise,t e o d i s e ˈ l e ɾ
teodise,t e o d i ˈ s e
teodise,l a n g t r
teoloji,t e o ɫ o ʒ i ˈ l e ɾ
teoloji,t e o ɫ o ˈ ʒ i
teoloji,l a n g t r
tere,t e ɾ e ˈ l e ɾ
tere,t e ˈ ɾ e
terimle,t e ˈ ɾ i m l e
terör,t e ˈ ɾ ø ɾ
terör,t e ɾ ø ɾ ˈ l e ɾ
tesettür,t e s e t t y ɾ ˈ l e ɾ
tesettür,t e s e t ˈ t y ɾ
tesettürlü,t e s e t t y ɾ l y ˈ l e ɾ
tesettürlü,t e s e t t y ɾ ˈ l y
tesettürsüz,t e s e t t y ɾ ˈ s y z
tesettürsüz,t e s e t t y ɾ s y z ˈ l e ɾ
teyzeler,t e j z e ˈ l e ɾ
teşbih,t e ʃ b i h
teşkilat,t e ʃ k i ˈ ɫ a t
teşkilat,t e ʃ k i ɫ a t ˈ l a ɾ
ticaret,t i d͡ ʒ a ɾ e t
toplum,t o p l u m ˈ l a ɾ
toplum,t o p ˈ l u m
totem,t o ˈ t e m
totem,t o t e m ˈ l e ɾ
turp,ˈ t u ɾ p
turp,t u ɾ p ˈ l a ɾ
turpgiller,t u ɾ p g i ɫ ˈ ɫ e ɾ
tuğ,ˈ t u
tüccar,t y d͡ ʒ d͡ ʒ a ɾ
türbeler,t y r b e ˈ ɫ e ɾ
tüyler,t y j ˈ ɫ e ɾ
tırabzan,t ɾ ɑ b ʐ ɑ n
tırabzan,l a n g t r
tığ,ˈ t ɯ
tığa,t ɯ ˈ a
tığda,t ɯ ˈ d a
tığdan,t ɯ ˈ d a n
tığlar,t ɯ ˈ l a ɾ
tığlara,t ɯ l a ˈ ɾ a
tığlarda,t ɯ l a ɾ ˈ d a
tığlardan,t ɯ l a ɾ ˈ d a n
tığları,t ɯ l a ˈ ɾ ı
tığların,t ɯ l a ˈ ɾ ı n
tığı,t ɯ ˈ ɯ
tığın,t ɯ ˈ ı n
varoluş,ˈ v a ɾ o l u ʃ ˈ l a ɾ
varoluş,ˈ v a ɾ o l u ʃ
varoş,v a ɾ o ʃ ˈ l a ɾ
varoş,v a ˈ ɾ o ʃ
vasistas,v a s i s ˈ t a s
vasistas,v a s i s t a s ˈ l a ɾ
vaziyetle,v a z i ˈ j e t l e
vaziyetler,v a z i j e t ˈ l e ɾ
vezin,v e ˈ z i n
vezinler,v e z i n ˈ l e ɾ
wiki,ˈ v i c i
yalan,j a ˈ l a n
yalan,j a l a n ˈ l a ɾ
yaylar,j a j ˈ l a ɾ
yazarlar,j a z a ɾ ˈ l a ɾ
yağ,j a ˈ l a ɾ
yağ,ˈ j a
yağlar,j a ˈ l a ɾ
yenilemeler,j e n i l e m e ˈ l e ɾ
yevmiye,j e v m i j e ˈ l e ɾ
yevmiye,j e v m i ˈ j e
yol,ˈ j o l
yol,j o l ˈ l a ɾ
yumruk,j u m ˈ ɾ u c
yumruk,j u m ɾ u c ˈ l a ɾ
yörekent,j ø ɾ e ˈ c e n t
yörekent,j ø ɾ e c e n t ˈ l e ɾ
yüklem,j y c ˈ l e m ˈ l e ɾ
yüklem,j y c ˈ l e m
yükleme,j y c l e ˈ m e
yükleme,j y c l e m e ˈ l e ɾ
zahmetler,z a h m e t ˈ l e ɾ
zamansa,z a ˈ m a n s a
zamirler,z a m i ɾ ˈ l e ɾ
zan,ˈ z a n
zan,z a n ˈ l a ɾ
zararla,z a ˈ ɾ a ɾ l a
zararlar,z a ɾ a ɾ ˈ l a ɾ
zatürre,z ɑ t y ɾ ɾ ɛ
zilhicce,z i l h i d͡ ʒ d͡ ʒ e ˈ l e ɾ
zilhicce,z i l h i d͡ ʒ ˈ d͡ ʒ e
zilkade,z i l k a d e ˈ l e ɾ
zilkade,z i l k a ˈ d e
zurna,l a n g t r
zurna,z u ɾ n ɑ
zırh,ˈ z ɯ ɾ h
zırhlar,z ɯ ɾ h ˈ l a ɾ
çarşamba,t ʃ ɑ ɾ ʃ ɑ m b ɑ ˈ l ɑ ɾ
çarşamba,t ʃ ɑ ɾ ʃ ɑ m ˈ b ɑ
çatı,t͡ ʃ a t ɯ ˈ l a ɾ
çatı,t͡ ʃ a ˈ t ɯ
çay,ˈ d͡ ʒ a j
çaydan,d͡ ʒ a j ˈ d a n
çaylar,d͡ ʒ a j ˈ l a ɾ
çeke,t͡ ʃ e ˈ c e
çeke,t͡ ʃ e c e ˈ l e ɾ
çekin,t͡ ʃ e c i n ˈ l e ɾ
çekin,t͡ ʃ e ˈ c i n
çizgi,t͡ ʃ i z g i ˈ l e ɾ
çizgi,t͡ ʃ i z ˈ g i
çokdillilik,ˈ t͡ ʃ o c d i l l i ˈ l i c
çokdillilik,ˈ t͡ ʃ o c d i l l i l i c ˈ l e ɾ
çokdillilik,d i l T ü r k ç e
çıkma,t͡ ʃ ɯ c ˈ m a
çıkma,t͡ ʃ ɯ c m a ˈ l a ɾ
çıkma,ˈ t͡ ʃ ɯ c m a
çıktı,t͡ ʃ ɯ c ˈ t ɯ
çıktı,t͡ ʃ ɯ c t ɯ ˈ l a ɾ
öfke,œ f k ɛ
ölçek,ø l t͡ ʃ e c ˈ l e ɾ
ölçek,ø l ˈ t͡ ʃ e c
örümcek,ø ɾ y m ˈ d͡ ʒ e c
örümcekler,ø ɾ y m d͡ ʒ e c ˈ l e ɾ
üç,ˈ y t͡ ʃ
i̇ffet'ler,i f f e t ˈ ɫ e ɾ
i̇ffetler,i f f e t ˈ ɫ e ɾ
ıslahlar,ɯ s l a h ˈ l a ɾ
ışık,ɯ ʃ ɯ c ˈ l a ɾ
ışık,ɯ ˈ ʃ ɯ c
ışıklar,ɯ ʃ ɯ c ˈ l a ɾ
şaban,ʃ a ˈ b a n
şaban,ʃ a b a n ˈ l a ɾ
şablon,ʃ a b l o n ˈ l a ɾ
şablon,ʃ a b ˈ l o n
şablonlar,ʃ a b l o n ˈ l a ɾ
şablonu,ʃ a b l o ˈ n u
şehir,ʃ e ˈ h i ɾ
şehir,ʃ e h i ɾ ˈ l e ɾ
şevval,ʃ e v v a ł ˈ ł e ɾ
şevval,ʃ e v ˈ v a ł
şiş,ˈ ʃ i ʃ
şiş,ʃ i ʃ ˈ l e ɾ
şişe,ʃ i ˈ ʃ e
şişe,ʃ i ʃ e ˈ l e ɾ
şişler,ʃ i ʃ ˈ l e ɾ
